stars,review_count,is_open,total_hours,Food,American (Traditional),Sandwiches,Nightlife,Bars,Fast Food,American (New),Burgers,Breakfast & Brunch,Pizza,Mexican,Seafood,Chinese,Italian,Delis,Cafes,Coffee & Tea,Chicken Wings,Desserts,Salad,RestaurantsTakeOut,RestaurantsDelivery,BusinessAcceptsCreditCards,OutdoorSeating,RestaurantsReservations,GoodForKids,WiFi,Caters,RestaurantsTableService,HappyHour,class
2.0,116,0,105.0,1,1,0,0,0,1,0,1,0,0,0,0,0,0,0,0,0,0,0,0,1,1,-1,-1,-1,-1,-1,-1,-1,-1,2
4.0,276,1,57.0,1,0,1,0,0,1,1,0,0,0,0,0,0,0,1,0,0,0,0,0,1,1,1,1,0,1,0,1,-1,-1,4
4.5,18,0,0.0,0,0,1,0,0,0,0,0,0,0,0,0,0,0,0,0,0,1,0,0,1,1,1,0,0,1,-1,-1,-1,-1,0
1.5,28,1,72.5,1,1,0,0,0,0,0,0,1,0,0,0,0,0,1,0,0,0,0,0,1,0,1,1,1,1,1,1,1,-1,4
4.0,29,1,45.0,1,0,0,0,0,1,0,1,0,0,0,0,0,0,0,0,0,0,0,0,1,1,1,1,0,1,-1,0,0,-1,4
2.5,23,1,0.0,0,0,0,0,0,0,0,0,0,1,0,0,0,0,0,0,0,0,0,0,1,1,-1,-1,0,-1,-1,-1,-1,-1,2
4.5,630,0,72.0,1,0,0,1,0,0,0,0,0,0,0,0,0,0,0,0,1,0,0,0,-1,-1,1,1,-1,-1,-1,-1,-1,-1,2
3.0,10,1,0.0,0,1,0,0,0,0,0,0,1,0,0,0,0,0,0,1,0,0,0,0,1,1,1,1,0,1,1,0,1,0,0
5.0,17,1,24.5,0,0,0,0,0,0,0,0,0,0,0,1,0,0,0,0,0,1,0,0,1,1,1,0,0,1,0,1,-1,-1,0
2.0,88,1,95.0,1,1,0,0,0,0,1,0,0,0,0,0,0,0,0,0,0,0,0,0,1,1,0,0,0,1,-1,-1,-1,-1,0
3.0,14,1,77.0,0,0,0,0,0,0,0,0,0,0,0,0,1,0,0,0,0,0,0,0,1,-1,1,0,-1,1,-1,-1,-1,-1,0
3.0,52,0,52.0,0,1,0,1,1,0,0,1,0,0,0,0,0,0,0,0,0,0,0,0,1,1,1,1,1,1,1,0,1,1,1
4.5,91,0,40.0,0,0,0,1,1,0,0,1,1,0,0,0,0,0,0,0,0,0,0,0,-1,0,1,1,0,1,-1,-1,-1,1,1
3.5,428,1,32.5,0,0,0,0,0,0,1,0,0,0,0,0,0,0,0,0,0,0,0,0,0,0,1,-1,0,0,-1,-1,-1,-1,2
4.5,53,1,37.5,0,0,0,0,0,0,0,0,0,1,0,0,0,1,0,0,0,0,0,0,0,1,1,0,0,1,-1,1,-1,-1,3
4.5,87,1,45.5,0,0,0,0,0,0,0,1,0,0,0,0,0,0,0,0,0,0,0,0,-1,-1,-1,-1,-1,-1,-1,-1,-1,-1,2
4.0,38,0,52.5,1,0,0,1,1,0,1,0,0,0,0,0,0,0,0,0,0,0,0,0,1,1,1,1,1,0,1,0,1,0,1
3.0,89,0,75.0,0,0,0,0,0,0,1,0,1,0,0,0,0,0,0,0,0,0,0,0,1,0,1,0,0,1,0,0,-1,-1,0
3.5,83,1,60.0,0,0,0,0,0,0,0,0,0,0,0,0,0,0,0,0,0,0,0,0,0,0,1,0,0,-1,1,1,0,-1,0
4.5,16,1,74.0,0,0,0,0,0,0,0,0,0,1,0,1,0,1,0,0,0,0,0,0,1,1,1,0,1,1,0,1,-1,-1,3
3.5,32,0,59.0,0,0,0,0,1,0,0,0,0,0,0,0,0,0,0,0,0,0,0,0,1,1,-1,-1,-1,-1,-1,-1,-1,1,2
3.5,69,1,76.0,0,0,0,0,0,0,0,0,0,0,1,0,0,0,0,0,0,0,0,0,1,0,0,-1,0,1,-1,-1,-1,-1,0
2.5,28,1,105.0,0,0,0,0,0,0,0,0,0,0,1,0,0,0,0,0,0,0,0,0,1,0,1,0,1,1,0,-1,-1,-1,0
4.5,150,1,112.0,0,0,0,0,0,0,0,0,0,0,0,0,1,0,0,0,0,0,0,0,1,1,1,0,1,1,-1,-1,-1,-1,0
4.5,8,0,82.0,1,1,0,0,0,0,0,0,0,0,0,0,0,0,0,0,1,0,0,0,1,1,1,1,0,1,-1,1,-1,-1,4
4.0,491,1,50.5,1,0,0,0,0,0,0,0,0,0,0,0,0,0,0,1,1,0,0,0,1,0,1,1,0,1,1,-1,0,-1,0
3.0,57,1,84.0,0,0,0,0,0,0,0,0,0,0,1,0,0,0,0,0,0,0,0,0,1,0,1,1,1,1,1,0,-1,1,0
4.5,207,1,28.5,0,0,0,0,0,0,0,0,0,0,0,0,0,0,0,0,0,0,0,0,1,0,1,-1,0,-1,-1,-1,-1,-1,2
3.0,25,1,119.0,1,0,0,0,1,0,0,0,0,0,0,0,0,0,0,1,1,0,0,0,1,1,1,1,-1,-1,1,1,-1,-1,0
4.0,16,1,66.0,1,0,0,0,0,1,0,0,0,0,1,0,0,0,0,0,0,0,0,0,1,1,1,1,0,1,-1,1,0,-1,4
2.5,15,1,0.0,0,0,0,0,0,0,0,0,0,0,1,0,0,0,0,0,0,0,0,0,1,1,1,0,0,1,-1,1,-1,-1,0
4.5,52,1,64.5,0,1,0,1,1,0,1,0,1,0,0,0,0,0,0,0,0,0,0,0,1,1,1,1,1,1,0,0,1,1,1
4.5,7,1,51.25,1,0,0,0,0,0,0,0,0,0,0,0,0,0,0,0,0,0,0,0,1,0,0,1,0,1,-1,-1,-1,-1,0
2.5,26,1,73.5,0,0,0,0,0,0,0,0,0,0,0,0,1,0,0,0,0,0,0,0,1,1,1,0,-1,-1,-1,-1,1,-1,0
3.5,71,0,78.5,1,0,0,0,0,0,0,0,0,0,0,0,0,0,0,0,0,0,0,0,1,0,1,-1,-1,-1,-1,1,-1,-1,2
3.5,63,1,68.0,1,0,0,0,0,0,0,0,0,1,0,0,0,0,0,0,0,0,0,0,1,1,1,0,0,1,0,1,-1,-1,0
4.0,25,0,76.5,0,0,0,0,0,0,0,0,0,0,0,0,0,0,0,0,0,1,0,0,0,0,-1,1,-1,-1,-1,-1,-1,-1,2
4.0,413,1,39.0,0,1,0,1,1,0,0,0,0,0,0,0,0,0,0,0,0,1,0,0,1,1,1,1,0,1,1,0,0,1,1
3.0,57,1,57.5,0,1,0,1,1,0,1,1,0,0,0,0,0,0,0,0,0,0,0,0,1,0,1,1,0,1,1,1,1,1,1
3.0,45,1,59.0,1,0,0,0,0,1,0,1,0,0,0,0,0,0,0,0,0,0,0,0,1,1,1,1,0,1,0,0,0,0,4
4.5,55,1,40.0,1,0,0,0,0,1,0,1,0,0,0,0,0,0,0,0,1,0,0,0,1,1,1,1,0,1,1,0,-1,-1,4
3.5,97,1,73.5,0,0,1,0,0,0,0,0,0,0,0,1,0,1,0,0,0,0,0,0,1,1,1,0,1,1,0,1,-1,-1,3
4.0,141,1,61.0,0,0,0,0,0,0,0,0,0,0,1,0,0,0,0,0,0,0,0,0,1,1,1,1,0,1,0,1,0,0,0
4.5,75,1,45.0,0,1,1,0,0,0,0,0,1,0,0,0,0,0,0,0,0,0,0,0,1,1,-1,1,1,-1,-1,-1,-1,-1,0
2.0,6,0,79.0,0,0,0,0,0,0,0,0,0,0,0,1,0,0,0,0,0,0,0,0,1,1,1,1,1,1,0,-1,-1,-1,0
3.5,26,1,78.0,0,0,0,1,1,0,1,0,0,0,0,0,0,0,0,0,0,0,0,0,-1,0,1,-1,1,0,-1,-1,1,1,1
4.0,216,1,65.5,0,0,1,0,0,0,0,0,0,0,0,0,0,0,1,0,0,0,0,0,1,0,1,1,0,1,0,-1,-1,-1,4
4.0,19,0,77.0,0,0,0,0,0,0,0,0,1,0,0,0,0,0,0,0,0,0,0,0,1,1,1,0,1,1,0,0,-1,0,0
3.5,73,1,46.0,1,1,1,0,0,0,0,0,0,1,0,0,0,1,0,0,0,0,0,0,1,1,1,0,0,1,-1,-1,-1,-1,3
1.0,6,1,90.0,0,0,0,0,0,0,0,0,0,0,0,0,0,0,0,1,0,0,0,0,1,0,1,0,0,1,-1,0,-1,-1,0
3.0,128,1,29.0,0,0,0,0,0,0,0,0,0,0,0,0,0,0,0,0,0,0,0,0,1,1,1,0,1,1,1,1,1,-1,0
2.5,125,0,93.0,1,0,0,0,0,0,0,0,0,0,0,1,1,0,0,0,0,0,0,0,1,1,1,0,0,1,0,0,1,-1,0
4.5,770,1,33.0,1,0,0,1,1,0,0,0,1,0,0,0,0,1,0,0,0,0,1,0,1,1,1,1,1,1,1,1,1,0,1
2.5,20,0,32.0,0,0,0,0,0,0,0,0,0,0,0,0,1,0,0,0,0,0,0,0,1,1,1,0,0,0,-1,1,-1,-1,0
3.0,17,1,72.0,1,0,0,0,0,0,0,0,0,0,0,0,1,0,0,0,0,0,0,0,1,1,1,0,0,1,0,-1,0,-1,0
2.0,10,1,70.0,0,0,0,0,0,0,0,0,0,1,0,0,0,0,0,0,0,0,0,0,1,1,1,0,-1,-1,-1,-1,-1,-1,0
3.5,63,0,83.0,0,0,0,0,0,0,0,0,0,0,0,1,0,0,0,0,0,0,0,0,1,0,0,0,0,1,0,0,1,-1,0
4.0,7568,1,55.0,1,0,0,0,0,1,0,1,0,0,0,0,0,0,0,0,0,0,0,0,1,1,1,0,0,1,0,0,-1,-1,4
3.5,36,1,93.0,1,0,1,0,0,0,0,0,0,0,0,0,0,0,1,0,0,0,0,0,1,0,0,0,0,1,0,1,-1,-1,4
3.5,58,1,81.5,0,1,1,0,0,0,1,0,0,0,0,0,0,0,0,0,0,0,0,1,1,1,1,0,0,1,-1,0,0,-1,4
3.5,32,1,88.0,0,0,0,0,0,0,0,0,1,0,0,0,0,0,0,1,0,0,0,0,-1,-1,-1,-1,-1,-1,1,-1,1,-1,2
3.5,19,0,35.0,0,0,0,0,0,0,0,0,0,0,0,0,0,0,0,0,0,0,0,0,1,0,-1,0,0,1,0,0,-1,-1,0
3.5,142,1,55.5,0,0,0,0,0,0,1,0,1,0,0,0,0,0,0,0,0,0,0,0,0,0,1,0,0,1,0,1,-1,-1,0
2.5,38,1,99.0,1,0,0,0,0,0,0,0,0,0,0,0,0,0,0,1,0,0,0,0,1,-1,1,-1,-1,-1,-1,-1,-1,-1,2
3.0,20,1,49.0,0,0,0,0,0,0,0,0,0,0,0,1,0,0,0,0,0,0,0,0,-1,-1,-1,1,-1,0,-1,-1,-1,-1,2
4.0,39,1,81.5,0,0,0,0,0,0,0,0,0,0,0,0,0,0,0,0,0,0,0,0,0,0,1,0,1,1,-1,-1,-1,-1,0
3.0,44,1,70.0,0,1,0,1,1,0,0,0,0,0,0,0,0,0,0,0,0,0,0,0,1,1,1,0,0,0,1,1,-1,-1,1
2.5,11,1,70.0,0,0,1,0,0,0,0,0,0,0,0,0,0,0,0,0,0,0,0,1,1,1,1,1,0,1,1,1,-1,-1,4
3.0,19,0,63.0,0,1,0,0,0,0,0,0,1,0,0,0,0,0,0,1,0,0,0,0,1,1,1,0,0,1,1,0,1,0,0
3.5,17,1,33.0,0,0,0,1,1,0,0,0,0,0,0,0,0,0,0,0,0,0,0,0,0,0,1,0,1,-1,1,0,1,0,1
3.0,5,1,105.0,0,0,0,1,1,0,0,0,0,0,0,0,0,0,0,0,0,0,0,0,1,1,1,1,1,1,-1,1,-1,1,1
4.5,68,1,105.0,1,0,1,0,0,0,0,0,0,0,0,0,0,0,1,0,0,0,0,0,1,1,1,1,0,1,-1,1,-1,-1,4
4.5,62,0,60.0,1,0,0,0,0,1,0,0,0,0,0,0,0,0,0,0,0,1,0,0,1,1,1,0,0,1,-1,1,-1,-1,4
3.0,44,0,80.5,0,0,0,0,0,0,0,0,0,0,0,0,0,0,0,0,0,0,0,0,1,1,1,1,1,-1,1,1,1,1,0
4.0,59,1,63.0,0,0,1,0,0,0,0,0,0,0,0,0,0,0,1,1,0,0,0,0,1,1,1,-1,-1,-1,1,-1,-1,-1,2
4.0,38,1,105.0,0,0,0,0,0,0,0,0,0,1,0,0,0,0,0,0,0,0,0,0,1,1,1,0,1,1,1,1,0,0,0
4.5,29,1,68.0,0,0,0,0,1,0,0,0,0,0,0,0,0,0,0,0,0,0,0,0,-1,-1,-1,-1,1,-1,-1,-1,-1,-1,2
4.5,34,0,72.0,1,0,0,0,0,0,0,0,0,0,0,0,0,0,0,0,0,0,1,0,1,0,-1,0,0,1,0,1,0,-1,4
3.0,29,0,0.0,0,0,0,0,0,0,0,0,0,1,0,0,0,0,0,0,0,0,0,0,1,1,1,0,0,1,0,-1,-1,-1,0
2.5,12,1,83.0,1,1,0,1,1,0,0,0,0,0,0,0,0,0,0,0,0,0,0,0,1,1,1,1,0,0,-1,1,-1,-1,1
4.0,25,0,67.0,0,1,0,0,0,0,0,1,0,1,0,1,0,0,0,0,0,0,0,0,1,0,1,1,1,1,1,1,1,1,1
4.0,12,0,57.0,1,0,0,0,0,0,0,0,0,0,0,0,0,0,0,1,1,0,0,0,1,0,-1,0,0,1,0,1,0,-1,2
5.0,21,1,41.0,1,1,0,0,0,0,0,0,1,0,0,0,0,0,0,0,0,0,0,1,1,1,1,0,0,1,1,1,1,0,4
4.0,16,1,23.0,0,0,0,1,1,0,1,0,1,0,0,0,0,0,0,0,0,0,0,0,1,0,1,1,1,1,1,1,1,1,1
3.5,16,0,0.0,1,0,0,0,1,0,0,0,0,0,0,0,0,0,0,0,0,0,0,0,1,1,-1,-1,-1,-1,-1,-1,-1,-1,2
3.0,41,1,59.5,0,0,0,0,0,0,0,0,0,1,0,0,0,0,0,0,0,0,0,0,1,1,1,1,0,1,-1,1,1,1,0
4.0,31,0,44.0,0,0,0,0,0,0,1,0,0,0,0,0,0,0,0,0,0,0,0,0,1,1,1,0,0,0,1,1,0,1,0
4.0,88,1,56.0,1,0,0,0,1,0,0,0,0,0,0,0,0,0,0,0,0,0,0,0,1,1,-1,0,0,1,0,0,0,-1,0
3.5,132,1,51.5,0,0,1,0,0,0,0,0,0,1,0,0,0,1,1,0,0,0,0,0,1,1,1,-1,0,-1,-1,-1,-1,-1,3
4.0,172,1,59.0,1,0,0,1,1,0,1,0,0,0,0,0,0,0,0,0,0,0,0,0,1,0,1,1,0,0,1,0,-1,1,1
4.5,5,1,63.0,1,0,0,0,0,0,0,0,0,0,0,0,0,0,0,0,0,0,0,0,1,0,1,0,1,1,1,1,1,-1,0
4.0,27,1,88.5,0,0,0,0,0,0,0,0,0,0,0,0,1,0,0,0,0,0,0,0,1,-1,-1,0,-1,1,0,0,-1,-1,2
4.0,44,1,75.0,0,1,1,0,0,0,1,1,0,0,0,0,0,0,0,0,0,0,0,0,1,0,1,0,0,1,-1,1,0,0,4
3.5,53,0,74.0,0,1,0,1,1,0,0,1,0,0,0,0,0,0,0,0,0,0,0,1,1,0,1,1,0,1,1,1,1,1,1
3.0,93,1,67.5,1,0,0,0,0,1,0,0,0,1,0,0,0,1,0,0,0,1,0,0,1,1,-1,0,0,-1,-1,-1,-1,-1,3
3.5,15,0,32.0,0,0,0,0,0,0,0,0,0,0,0,1,0,0,0,0,0,0,0,0,1,0,1,0,0,1,-1,0,-1,-1,0
3.5,58,1,70.0,0,0,0,0,0,0,0,0,0,0,1,0,0,0,0,0,0,0,0,0,1,1,1,0,1,1,-1,1,-1,-1,0
4.0,20,0,0.0,0,1,0,1,1,0,0,1,0,0,0,0,0,0,0,0,0,0,0,0,1,1,1,1,0,1,-1,0,1,1,1
1.5,7,1,0.0,0,0,0,1,1,0,1,0,1,0,0,0,0,0,0,0,0,0,0,0,-1,1,1,1,1,-1,-1,-1,1,1,1
3.0,8,0,0.0,0,0,0,0,0,0,0,0,0,0,0,0,0,0,0,0,0,0,0,0,1,0,1,0,0,1,0,1,-1,-1,0
4.0,65,1,78.0,1,0,1,0,0,1,0,0,0,0,0,0,0,0,1,0,0,0,0,0,1,1,1,0,0,1,0,1,-1,0,4
4.0,7,1,0.0,0,1,0,0,0,0,0,0,0,0,0,0,0,0,0,0,0,1,0,0,1,1,1,0,-1,-1,0,1,0,-1,0
3.5,64,1,76.0,0,0,0,0,0,0,0,0,0,0,0,0,1,0,0,0,0,0,0,0,1,1,1,0,1,0,0,-1,-1,-1,0
2.5,18,1,84.0,1,0,0,0,0,0,0,0,0,0,0,0,0,0,0,0,0,0,0,0,1,1,1,0,0,1,-1,-1,-1,-1,0
3.5,50,0,88.0,1,0,1,0,0,1,0,0,0,0,0,0,0,0,1,0,0,0,0,0,1,1,1,0,0,1,0,1,-1,0,4
4.0,20,1,35.0,1,0,0,0,0,1,0,1,0,0,0,0,0,0,0,0,1,0,0,0,1,1,1,0,0,1,-1,-1,-1,-1,4
3.0,380,1,79.0,0,0,0,0,0,0,1,0,0,0,0,0,0,0,0,0,0,1,0,0,1,1,-1,-1,-1,-1,-1,-1,-1,-1,2
3.5,20,1,59.0,0,1,0,0,0,0,0,0,0,0,0,0,0,0,0,0,0,0,0,0,1,0,1,0,1,1,1,0,1,-1,0
4.0,25,0,38.0,0,0,0,0,0,0,1,0,0,0,0,0,1,0,0,0,0,0,0,0,1,1,1,0,0,0,-1,-1,-1,-1,0
3.0,47,1,68.5,0,0,0,0,0,0,0,0,0,0,1,0,0,0,0,0,0,0,0,0,1,0,1,1,0,1,-1,0,1,-1,0
4.5,17,1,41.0,1,0,0,0,0,0,0,0,0,0,0,0,0,0,0,0,0,0,0,0,1,0,0,0,0,1,0,1,-1,-1,0
3.5,47,1,84.0,0,0,1,1,1,0,0,0,1,0,0,1,0,0,0,0,0,0,0,0,1,0,1,1,1,0,-1,-1,1,1,1
4.5,468,1,29.5,0,0,0,0,0,0,0,0,0,0,0,0,1,0,0,0,0,0,0,0,1,1,-1,-1,-1,-1,-1,-1,-1,-1,2
2.5,8,0,72.0,1,0,0,0,0,1,0,0,0,0,1,0,0,0,0,0,0,0,0,0,1,0,1,1,0,1,-1,-1,0,-1,4
3.0,42,0,51.5,1,0,0,0,0,0,0,0,0,0,0,0,1,0,0,0,0,0,0,0,1,1,1,0,1,1,0,1,1,1,0
4.0,20,1,89.0,0,0,0,1,1,0,0,0,0,0,1,0,0,0,0,0,0,0,0,0,1,0,1,1,0,1,1,1,1,1,1
1.5,11,1,0.0,1,0,0,0,0,0,0,1,0,0,0,0,0,0,0,0,0,0,0,0,1,0,1,1,1,1,0,1,-1,-1,0
4.5,15,1,30.0,1,1,0,0,0,0,0,0,1,0,0,0,0,0,0,1,0,0,0,0,1,1,1,0,0,1,-1,1,-1,-1,0
4.0,9,1,57.0,1,0,1,0,0,0,0,0,1,0,0,0,0,0,0,0,1,0,0,0,1,1,1,1,-1,-1,-1,1,-1,-1,4
4.5,11,1,63.0,0,0,0,0,0,0,0,0,0,1,0,0,0,0,0,0,0,0,0,0,1,1,1,0,0,1,-1,1,-1,-1,0
4.0,72,1,73.5,0,0,0,0,0,0,1,0,0,0,0,0,0,0,0,0,0,0,0,0,-1,-1,-1,-1,-1,0,-1,-1,-1,-1,2
4.0,59,1,62.0,0,0,0,0,0,0,0,0,0,0,1,0,0,0,0,0,0,0,0,0,1,1,1,0,0,1,1,1,1,0,0
3.5,8,0,42.0,1,1,1,0,0,0,0,0,0,0,0,0,0,0,0,0,0,0,1,0,1,0,1,1,0,1,-1,0,-1,-1,4
3.0,209,1,68.5,1,0,1,0,0,1,0,0,0,0,0,0,0,0,1,0,0,0,0,0,1,1,1,1,0,1,-1,1,-1,0,4
4.0,54,1,51.0,1,0,0,0,0,0,0,0,0,0,1,0,0,0,0,0,0,0,0,0,1,1,1,0,0,1,-1,-1,0,-1,0
3.5,153,1,0.0,0,0,0,0,0,0,0,0,0,0,0,0,0,0,0,1,0,0,0,0,1,0,1,1,0,1,-1,-1,-1,-1,0
2.5,20,1,0.0,0,0,0,1,1,0,0,0,0,0,0,0,0,0,0,0,0,0,0,0,1,0,1,0,1,0,-1,0,1,1,1
3.0,56,1,91.0,0,0,0,0,0,0,0,0,0,0,0,0,0,0,0,0,0,0,0,0,1,0,1,0,0,1,-1,-1,-1,-1,0
4.0,8,1,60.0,1,0,0,0,0,0,1,0,0,0,0,1,0,0,0,0,0,0,0,0,1,0,1,1,1,1,1,1,-1,-1,0
5.0,20,1,42.0,0,0,0,0,0,0,0,0,0,0,0,1,0,0,0,0,0,0,0,0,1,0,1,0,1,1,0,0,-1,1,0
4.5,52,0,60.0,1,0,0,0,0,1,0,0,0,1,0,0,0,1,0,0,0,1,0,0,1,1,1,0,0,0,-1,-1,-1,-1,3
2.0,9,0,0.0,1,0,1,0,0,1,0,0,0,0,0,0,0,0,0,0,0,0,0,0,0,1,1,0,0,1,-1,1,-1,-1,4
2.0,6,1,0.0,0,1,0,1,1,0,0,0,0,1,0,0,0,0,0,0,0,1,0,0,-1,-1,-1,-1,-1,-1,-1,-1,-1,-1,2
4.5,18,1,65.0,0,1,0,0,0,0,0,0,0,0,0,1,0,0,0,0,0,0,0,0,1,1,1,0,1,0,1,0,-1,1,0
4.0,243,1,45.0,1,0,0,0,0,0,0,0,0,0,0,0,0,0,1,0,0,0,0,0,1,0,1,0,0,1,-1,1,-1,-1,4
2.0,41,1,146.5,1,0,0,0,0,1,0,1,0,0,0,0,0,0,0,0,0,0,0,0,1,1,1,1,1,1,1,1,1,-1,4
3.5,28,1,55.0,1,0,0,1,1,0,0,0,0,0,0,0,0,0,0,1,1,0,0,0,0,-1,1,1,0,-1,1,-1,-1,-1,2
3.0,6,1,0.0,1,0,1,1,0,0,0,0,0,0,0,0,0,0,0,0,1,0,0,0,1,1,1,1,-1,-1,1,-1,0,0,1
3.5,88,1,64.5,0,0,0,0,0,0,0,0,0,0,0,0,0,0,0,0,0,0,0,0,1,0,1,1,0,1,1,-1,-1,-1,0
4.0,31,1,78.0,0,0,0,0,0,0,0,0,0,0,0,0,1,0,0,0,0,0,0,0,1,1,1,0,1,1,0,1,-1,-1,0
3.0,104,1,63.0,0,0,0,0,0,0,0,0,0,0,0,0,1,0,0,0,0,0,0,0,1,1,1,0,-1,-1,-1,-1,-1,-1,0
4.0,330,1,14.5,0,0,0,0,0,0,0,0,0,0,1,0,0,0,0,0,0,0,0,0,1,1,1,1,0,1,0,1,-1,-1,0
2.0,13,1,87.5,0,0,0,0,0,0,0,1,0,1,0,0,0,1,0,0,0,0,0,0,1,1,1,0,1,1,-1,-1,1,-1,3
3.0,6,0,0.0,1,0,0,0,0,0,0,0,0,0,0,1,0,0,0,0,0,0,0,0,1,0,1,0,0,1,0,1,1,1,0
2.5,5,0,0.0,1,0,1,0,0,0,0,0,0,0,0,0,0,0,0,0,0,0,1,0,1,1,1,1,1,1,-1,-1,-1,-1,4
3.0,28,1,114.0,1,0,0,0,0,1,0,0,0,0,0,0,0,0,0,0,0,0,1,1,1,1,1,0,0,1,-1,1,-1,-1,4
3.0,19,1,58.0,0,0,1,0,0,0,0,0,0,0,0,0,0,1,1,0,0,0,0,0,1,1,-1,0,1,1,1,1,-1,-1,3
3.5,25,1,82.5,0,0,0,0,0,0,0,0,0,0,0,0,1,0,0,0,0,0,0,0,1,1,1,0,1,1,-1,-1,-1,-1,0
3.0,8,0,76.0,1,1,0,0,0,0,0,0,1,0,0,0,0,0,0,0,0,0,1,0,1,0,1,1,0,1,0,1,-1,-1,4
4.0,470,1,83.0,1,0,1,0,0,0,0,0,0,0,0,1,0,0,0,0,0,0,0,0,1,0,1,0,0,1,0,1,-1,-1,4
4.0,121,1,52.0,1,0,0,0,0,1,0,0,0,1,0,0,0,1,0,0,0,1,0,0,1,1,1,0,0,-1,-1,0,-1,-1,3
3.5,120,1,72.0,0,0,0,1,1,0,1,0,0,0,0,0,0,0,0,0,0,0,0,0,0,0,1,0,0,0,-1,0,-1,1,1
4.5,10,0,0.0,0,1,1,1,0,0,0,0,0,0,0,0,0,0,0,0,0,0,0,0,0,0,1,1,0,1,-1,0,1,1,1
3.5,5,0,0.0,0,1,0,0,0,0,1,1,0,0,0,0,0,0,0,0,0,0,0,0,-1,-1,-1,-1,-1,-1,-1,-1,-1,-1,2
4.5,35,1,30.5,0,0,0,0,0,0,0,0,0,1,0,0,0,0,0,0,0,0,0,0,1,-1,-1,-1,-1,-1,-1,-1,-1,-1,2
4.0,416,1,92.0,1,1,1,0,0,0,0,0,0,0,0,0,0,0,0,0,0,0,0,0,1,1,1,0,0,1,-1,1,-1,-1,4
4.0,15,0,0.0,0,0,1,0,0,0,0,0,0,1,0,0,0,1,1,0,0,0,0,0,1,1,1,-1,0,1,-1,-1,-1,-1,3
3.5,149,1,83.0,1,0,0,0,0,0,0,0,0,0,1,0,0,0,0,0,0,0,0,0,1,0,1,1,0,1,0,0,0,-1,0
3.5,20,1,58.0,1,0,1,1,1,1,1,1,0,0,0,0,0,0,0,0,0,0,0,0,1,1,1,1,0,1,1,0,0,-1,1
3.5,12,1,85.0,0,0,0,0,0,0,0,0,0,0,0,0,0,1,0,0,0,0,0,0,1,0,1,0,1,0,-1,1,1,0,3
3.0,60,1,77.0,1,0,0,0,0,0,1,0,0,1,0,0,0,0,0,0,0,0,0,0,1,0,1,1,1,1,-1,1,1,1,0
4.0,23,1,54.0,0,0,0,0,0,0,0,0,0,0,0,0,0,0,0,0,0,0,0,0,1,1,1,0,1,1,0,1,-1,-1,0
1.5,12,1,116.0,0,0,0,0,0,0,0,0,0,0,0,0,0,1,0,0,0,0,0,0,1,1,1,1,0,1,-1,1,0,-1,3
3.5,9,0,63.0,0,0,1,0,0,0,0,1,0,0,0,0,0,0,0,0,0,0,0,0,1,-1,-1,-1,-1,-1,-1,-1,-1,-1,2
3.5,5,1,76.0,1,0,0,0,0,1,0,0,0,0,1,0,0,0,0,0,0,0,0,0,1,1,1,0,0,1,-1,1,-1,-1,4
3.5,24,1,0.0,0,0,0,1,0,0,0,0,0,0,0,0,0,0,0,0,0,0,0,0,0,0,1,0,1,0,0,0,-1,-1,0
3.5,78,1,101.0,0,0,0,0,0,0,1,0,0,1,0,0,0,0,0,0,0,0,0,0,1,1,1,0,0,1,0,1,-1,-1,0
3.5,561,1,81.0,0,0,0,0,0,0,0,0,0,0,0,0,1,0,0,0,0,0,0,0,1,1,0,0,0,1,-1,-1,-1,-1,0
3.5,23,0,128.0,1,0,0,0,1,0,0,0,0,0,0,0,1,0,0,0,0,0,0,0,1,1,1,0,0,1,0,0,-1,-1,0
3.5,167,1,69.0,1,0,0,0,0,0,0,0,0,0,0,1,0,0,0,0,0,0,1,0,1,1,1,0,1,1,0,1,1,-1,4
1.5,8,1,85.0,0,1,0,0,0,0,0,0,0,0,1,0,0,0,0,0,0,0,0,0,1,1,-1,0,1,1,1,1,1,-1,0
3.5,6,0,0.0,1,0,0,0,1,0,0,0,0,0,0,0,0,0,0,0,0,0,0,0,1,0,1,1,1,1,1,1,-1,-1,0
4.0,21,0,71.0,0,0,0,0,0,0,0,0,0,0,0,0,0,0,0,1,0,0,0,0,-1,-1,-1,-1,1,-1,1,-1,-1,-1,2
2.5,20,0,54.0,0,0,0,0,0,0,0,1,0,0,0,1,0,0,0,0,0,0,0,1,1,0,1,1,-1,1,-1,-1,-1,1,4
3.0,16,0,73.5,0,0,0,1,1,0,0,0,1,0,0,0,0,0,0,0,0,0,0,0,1,0,-1,0,1,1,-1,-1,-1,1,1
5.0,12,0,18.0,1,0,0,0,0,1,0,1,0,0,0,0,0,0,0,0,0,0,0,0,-1,1,1,-1,0,1,-1,-1,-1,-1,2
3.5,198,1,66.0,0,0,1,0,0,0,0,0,0,0,0,0,0,0,0,0,0,0,0,0,1,1,1,-1,0,-1,-1,-1,-1,-1,0
4.0,365,1,50.0,0,1,0,1,1,0,0,0,0,0,1,0,0,0,0,0,0,0,0,0,1,0,1,1,0,0,-1,1,-1,0,1
3.5,6,0,78.0,0,0,1,0,0,0,0,0,0,0,0,0,0,0,1,0,0,0,0,1,1,1,1,1,1,1,1,1,0,0,4
4.0,12,0,81.0,0,0,0,0,1,0,0,0,0,0,0,0,0,0,0,0,0,0,0,0,1,-1,-1,-1,-1,-1,-1,-1,-1,-1,2
2.0,41,1,56.0,1,0,0,0,0,1,0,1,0,0,0,0,0,0,0,0,0,0,0,0,0,1,1,-1,0,1,-1,-1,-1,-1,4
3.0,5,0,0.0,1,0,0,0,0,0,0,0,0,0,0,0,0,0,0,0,1,0,1,0,-1,-1,1,1,-1,-1,1,-1,-1,-1,2
4.0,72,0,79.0,0,0,0,0,0,0,0,0,0,0,1,0,0,0,0,0,0,0,0,0,1,0,1,1,0,1,-1,0,0,-1,0
3.5,60,0,61.0,1,1,0,0,0,0,0,0,0,0,0,1,0,0,0,0,0,0,1,1,1,1,1,0,0,1,-1,0,-1,-1,4
3.0,89,1,0.0,0,0,0,0,0,0,1,0,0,0,0,0,0,0,0,0,0,0,0,0,1,0,1,0,-1,1,1,1,1,-1,0
4.5,314,1,72.0,0,0,1,0,0,0,0,0,1,0,0,0,0,1,0,0,0,0,0,0,1,1,1,0,0,1,-1,-1,-1,-1,3
1.5,15,1,66.0,0,0,0,0,0,0,0,0,0,0,0,0,0,0,0,0,0,0,0,0,1,1,1,0,1,1,0,1,1,0,0
4.0,24,0,0.0,1,0,0,0,0,0,0,0,0,0,0,0,1,0,0,0,0,0,0,0,0,0,1,0,0,1,0,1,1,0,0
2.5,19,1,25.0,0,1,0,1,1,0,0,1,0,0,0,0,0,0,0,0,0,0,0,0,1,0,-1,1,0,0,-1,0,-1,1,1
2.5,12,1,71.0,0,1,0,0,0,0,0,0,1,0,0,0,0,0,0,0,0,0,0,0,1,1,1,0,0,1,-1,0,1,-1,0
3.5,51,1,85.5,0,0,0,0,0,0,0,0,0,0,0,0,0,0,0,0,0,0,0,0,1,1,1,0,1,1,1,-1,-1,1,0
3.5,8,1,0.0,0,0,0,0,0,0,0,0,0,0,0,0,1,0,0,0,0,0,0,0,1,1,1,0,1,1,1,0,-1,-1,0
3.5,28,0,83.0,0,0,0,0,0,0,0,0,0,1,0,0,0,1,0,0,0,0,0,0,1,1,1,1,1,1,-1,1,-1,-1,3
2.0,7,1,100.0,1,0,0,0,0,1,0,0,1,0,1,0,0,0,0,0,0,0,0,0,1,1,1,0,0,1,-1,-1,-1,-1,4
3.0,16,1,0.0,1,1,1,1,1,0,0,0,0,0,0,0,0,0,0,0,0,0,0,0,1,0,1,0,0,-1,0,1,0,1,1
2.5,32,1,68.0,1,0,1,0,0,1,0,0,0,0,0,0,0,0,0,0,0,0,0,0,1,1,1,0,0,1,-1,1,-1,-1,4
3.5,19,1,75.5,0,0,0,0,0,0,0,0,0,0,0,1,0,0,0,0,0,0,0,0,1,1,1,1,1,1,1,1,1,0,0
4.5,29,1,22.5,1,0,0,0,0,0,0,0,0,0,0,0,0,0,0,0,0,0,0,0,1,-1,1,-1,-1,-1,-1,1,-1,-1,2
3.5,44,1,78.5,0,0,0,0,0,0,0,0,0,0,0,1,1,0,0,0,0,0,0,0,-1,-1,-1,-1,-1,-1,-1,-1,-1,-1,2
4.5,10,0,62.0,0,0,0,0,1,0,0,0,0,0,1,0,0,0,0,0,0,0,0,0,-1,-1,-1,-1,-1,-1,-1,-1,-1,-1,2
